empleado_id,nombre,apellido,depto_id,puesto_id,fecha_contratacion
1,Nombre1,Apellido1,5,103,2020-10-24
2,Nombre2,Apellido2,1,104,2020-06-20
3,Nombre3,Apellido3,4,103,2020-05-22
4,Nombre4,Apellido4,4,102,2020-04-04
5,Nombre5,Apellido5,4,103,2020-08-10
6,Nombre6,Apellido6,2,104,2020-10-10
7,Nombre7,Apellido7,4,104,2020-08-04
8,Nombre8,Apellido8,3,104,2020-11-19
9,Nombre9,Apellido9,5,103,2020-04-10
10,Nombre10,Apellido10,1,104,2020-11-28
11,Nombre11,Apellido11,1,105,2020-08-08
12,Nombre12,Apellido12,5,102,2020-06-02
13,Nombre13,Apellido13,3,103,2020-03-03
14,Nombre14,Apellido14,2,104,2020-09-02
15,Nombre15,Apellido15,1,102,2020-06-09
16,Nombre16,Apellido16,2,103,2020-05-01
17,Nombre17,Apellido17,2,102,2020-12-03
18,Nombre18,Apellido18,1,105,2020-06-22
19,Nombre19,Apellido19,2,103,2020-01-09
20,Nombre20,Apellido20,5,104,2020-02-18
21,Nombre21,Apellido21,4,101,2020-01-04
22,Nombre22,Apellido22,1,104,2020-09-28
23,Nombre23,Apellido23,4,103,2020-09-21
24,Nombre24,Apellido24,1,104,2020-05-17
25,Nombre25,Apellido25,3,101,2020-10-04
26,Nombre26,Apellido26,4,101,2020-08-04
27,Nombre27,Apellido27,1,101,2020-03-18
28,Nombre28,Apellido28,2,104,2020-02-19
29,Nombre29,Apellido29,4,103,2020-02-21
30,Nombre30,Apellido30,4,104,2020-03-06
31,Nombre31,Apellido31,4,101,2020-06-13
32,Nombre32,Apellido32,1,105,2020-06-03
33,Nombre33,Apellido33,2,101,2020-12-22
34,Nombre34,Apellido34,2,101,2020-08-08
35,Nombre35,Apellido35,2,103,2020-12-23
36,Nombre36,Apellido36,1,104,2020-02-07
37,Nombre37,Apellido37,3,103,2020-08-19
38,Nombre38,Apellido38,5,104,2020-12-20
39,Nombre39,Apellido39,4,101,2020-02-10
40,Nombre40,Apellido40,4,101,2020-06-10
41,Nombre41,Apellido41,3,101,2020-10-19
42,Nombre42,Apellido42,5,104,2020-01-28
43,Nombre43,Apellido43,3,101,2020-10-12
44,Nombre44,Apellido44,1,103,2020-02-10
45,Nombre45,Apellido45,1,103,2020-11-01
46,Nombre46,Apellido46,5,101,2020-07-17
47,Nombre47,Apellido47,1,105,2020-11-05
48,Nombre48,Apellido48,5,104,2020-09-21
49,Nombre49,Apellido49,2,105,2020-04-20
50,Nombre50,Apellido50,5,101,2020-09-25
51,Nombre51,Apellido51,2,105,2020-12-28
52,Nombre52,Apellido52,3,104,2020-08-01
53,Nombre53,Apellido53,3,104,2020-04-09
54,Nombre54,Apellido54,1,105,2020-08-24
55,Nombre55,Apellido55,2,102,2020-11-18
56,Nombre56,Apellido56,2,104,2020-09-21
57,Nombre57,Apellido57,2,101,2020-08-01
58,Nombre58,Apellido58,2,101,2020-12-05
59,Nombre59,Apellido59,4,101,2020-10-01
60,Nombre60,Apellido60,4,102,2020-11-15
61,Nombre61,Apellido61,3,101,2020-07-21
62,Nombre62,Apellido62,4,105,2020-03-05
63,Nombre63,Apellido63,1,102,2020-07-04
64,Nombre64,Apellido64,4,104,2020-11-20
65,Nombre65,Apellido65,5,102,2020-08-09
66,Nombre66,Apellido66,2,101,2020-06-01
67,Nombre67,Apellido67,3,101,2020-09-16
68,Nombre68,Apellido68,5,105,2020-06-12
69,Nombre69,Apellido69,4,104,2020-05-08
70,Nombre70,Apellido70,5,104,2020-11-11
71,Nombre71,Apellido71,5,102,2020-05-15
72,Nombre72,Apellido72,5,101,2020-02-28
73,Nombre73,Apellido73,4,101,2020-04-04
74,Nombre74,Apellido74,5,102,2020-10-19
75,Nombre75,Apellido75,5,103,2020-06-03
76,Nombre76,Apellido76,5,101,2020-04-22
77,Nombre77,Apellido77,1,104,2020-11-12
78,Nombre78,Apellido78,5,102,2020-08-19
79,Nombre79,Apellido79,4,102,2020-08-02
80,Nombre80,Apellido80,3,105,2020-07-11
81,Nombre81,Apellido81,1,101,2020-06-17
82,Nombre82,Apellido82,2,101,2020-12-17
83,Nombre83,Apellido83,2,104,2020-11-04
84,Nombre84,Apellido84,4,103,2020-11-18
85,Nombre85,Apellido85,1,104,2020-11-10
86,Nombre86,Apellido86,1,103,2020-10-07
87,Nombre87,Apellido87,2,105,2020-07-08
88,Nombre88,Apellido88,3,104,2020-09-14
89,Nombre89,Apellido89,5,104,2020-09-08
90,Nombre90,Apellido90,3,101,2020-01-25
91,Nombre91,Apellido91,1,104,2020-07-25
92,Nombre92,Apellido92,4,101,2020-10-09
93,Nombre93,Apellido93,3,105,2020-04-07
94,Nombre94,Apellido94,3,103,2020-02-08
95,Nombre95,Apellido95,1,104,2020-05-26
96,Nombre96,Apellido96,2,105,2020-03-17
97,Nombre97,Apellido97,1,101,2020-09-19
98,Nombre98,Apellido98,3,103,2020-08-25
99,Nombre99,Apellido99,3,104,2020-05-05
100,Nombre100,Apellido100,4,104,2020-02-24
